Amanda,Aardsma,15th Annual Miss Teen USA Pageant (1997) (TV)  ,,,[Herself]
Amanda,Aardsma,Bob Dylan: Beyond Here Lies Nothin' (2009) (V)  ,,,[Girl]
Amanda,Aardsma,Dough Boys (2009)  ,,,[Palova]
Amanda,Aardsma,Hyenas (2011)  ,,,[Valerie]
Amanda,Aardsma,Just Like Family (2009)  ,,,[Shelia McMichaels]
Amanda,Aardsma,Orlando's Bed and Breakfast (2007) (TV)  ,,,[Maria Charles]
Amanda,Aardsma,Table One (2000)  ,,,[Rowdy's Date]
Amanda,Aardsma,The Kings of Brooklyn (2004)  ,(uncredited),,[Wallstreet Babe]
Amanda,Aardsma,They Are Coming: The Prologue (2010)  ,,,[Jenny]
Amanda,Aardsma,Whatever Happened to Barker Daniels? (2009) {{SUSPENDED}},,,[Susie Crane]
Amanda,Aardsma,"CSI: Crime Scene Investigation" (2000) {Meet Market (#7.14)} ,,,[Sexy Mistress]
Amanda,Aardsma,"Days of Our Lives" (1965) {(#1.12157)} ,,,[Lizbeth]
Amanda,Aardsma,"Days of Our Lives" (1965) {(#1.12159)} ,,,[Lizbeth]
Amanda,Aardsma,"Days of Our Lives" (1965) {(#1.2157)} ,,,[Lizbeth]
Amanda,Aardsma,"Judging Amy" (1999) {The Bottle Show (#3.20)} ,,,[Chloé]
Amanda,Aardsma,"Poop Notice" (2013) {Sit Up (#1.6)} ,,,[Amber]
Amanda,Aardsma,"Temptation" (2007)  ,,,[Herself - Co-Host (2007)]
Hanna,Aare,The Perfect Mistress II (2015)  ,,,[Nurse]
Hanna,Aare,The Perfect Mistress III (2017)  ,,,[Head Nurse]
Anu,Aaremäe,Magnus (2007)  ,,,[Girl from the Hospital]
Anu,Aaremäe,"Klass - Elu pärast" (2010) {Ma ei sure teie kiuste (#1.2)} ,,,
Helen,Aaremäe,"Kättemaksukontor" (2009) {Surnud mehe kättemaks 1 (#5.7)} ,,,[Elina Tasar]
Dorthe,Aarestrup,"Hvem vil være millionær?" (1999) {(#14.4)} ,,,[Herself - Participant]
Fie,Aarestrup,Spies & Glistrup (2013)  ,,,[Glistrups barn]
Aaries,,Say My Name (2009/I),,,
Aïcha,Aarif,Raja (2003)  ,,,[Jardinière 1]
Jmiaa,Aarif,Raja (2003)  ,,,[Jardinière 3]
Kaija,Aarikka,Spektroliittia, bromidioksidia, ruusukvartsia... (1958) (TV)  ,,,[Herself]
Kaija,Aarikka,"Nettikymppitonni" (2000) {(2001-07-27)} ,,,[Herself]
Kaija,Aarikka,"Nettikymppitonni" (2000) {(2001-08-03)} ,,,[Herself]
Kaija,Aarikka,"Nettikymppitonni" (2000) {(2001-08-10)} ,,,[Herself]
Kaija,Aarikka,"Nettikymppitonni" (2000) {(2001-08-17)} ,,,[Herself]
Aarlin,,My Brother (2006)  ,,,[Sister Valerie]
Amy,Aarmes,Stuck (2003/II)  ,,,[Babysitter]
Aarminta,,Paradeshi Chadhei (1990)  ,,,
Kimberleigh,Aarn,Presumed Innocent (1990)  ,,,[Prosecuting Attorney]
Kimberleigh,Aarn,Quick Change (1990)  ,,,[Bank Teller]
Kimberleigh,Aarn,The Bonfire of the Vanities (1990)  ,,,[Media Jackal]
Kimberleigh,Aarn,The Serpent and the Rainbow (1988)  ,(as Kimberleigh Burroughs),,[Margrite]
Kimberleigh,Aarn,"Angel" (1999) {Somnambulist (#1.11)} ,(as Kimberliegh Aarn),,[Precinct Clerk]
Kimberleigh,Aarn,"Family Law" (1999) {Film at Eleven (#2.12)} ,,,[Police Photographer]
Carla,Aarnegg,Drei Väter um Anna (1939),,,
Maryam,Aarnes,Varg Veum - Svarte får (2011)  ,,,[Prostituert]
Janet Haak,Aarness,Thurston (2008)  ,,,[Thruston's mom]
Mari,Aarni,Sankarit (2002),,,
Mari,Aarni,"Taivaan tulet" (2007) {Haaveita onko heitä (#1.4)} ,,,[Venäläinen nainen]
Inna,Aarniala,Elvis kissan jäljillä (1987),,,
Martta,Aarnikotka,Vappua valtatien varressa (1966) (TV)  ,,,
Hinni,Aarninsalo,"A-studio: Stream" (2012) {Emma Gaala -boikotti} ,,,[Herself - Host]
Hinni,Aarninsalo,"A-studio: Stream" (2012) {Lätkän kannabiskohu} ,,,[Herself - Host]
Hinni,Aarninsalo,"A-studio: Stream" (2012) {Mihin presidenttiä tarvitaan?} ,,,[Herself - Host]
Hinni,Aarninsalo,"A-studio: Stream" (2012) {Rahalla vai sisulla mitaleille?} ,,,[Herself - Host]
Hinni,Aarninsalo,"Ajankohtainen kakkonen" (1969) {Lupamaksuilta} ,,,[Herself]
Hinni,Aarninsalo,"Extra Large" (2007)  ,,,[Herself - Host]
Hinni,Aarninsalo,"Popkult" (2008) {666} ,,,[Herself - Host]
Hinni,Aarninsalo,"Popkult" (2008) {Hlbt} ,,,[Herself - Host]
Hinni,Aarninsalo,"Popkult" (2008) {Hulluus} ,,,[Herself - Host]
Hinni,Aarninsalo,"Popkult" (2008) {Huumeet} ,,,[Herself - Host]
Hinni,Aarninsalo,"Popkult" (2008) {Jumala} ,,,[Herself - Host]
Hinni,Aarninsalo,"Popkult" (2008) {Kapina} ,,,[Herself - Host]
Hinni,Aarninsalo,"Popkult" (2008) {Kauhu} ,,,[Herself - Host]
Hinni,Aarninsalo,"Popkult" (2008) {Kuolema} ,,,[Herself - Host]
Hinni,Aarninsalo,"Popkult" (2008) {Mies} ,,,[Herself - Host]
Hinni,Aarninsalo,"Popkult" (2008) {Nainen} ,,,[Herself - Host]
Hinni,Aarninsalo,"Popkult" (2008) {Nuoruus} ,,,[Herself - Host]
Hinni,Aarninsalo,"Popkult" (2008) {Perhe} ,,,[Herself - Host]
Hinni,Aarninsalo,"Popkult" (2008) {Porno} ,,,[Herself - Host]
Hinni,Aarninsalo,"Popkult" (2008) {Rakkaus} ,,,[Herself - Host]
Hinni,Aarninsalo,"Popkult" (2008) {Rappio} ,,,[Herself - Host]
Hinni,Aarninsalo,"Popkult" (2008) {Rikkaus} ,,,[Herself - Host]
Hinni,Aarninsalo,"Popkult" (2008) {Rikos} ,,,[Herself - Host]
Hinni,Aarninsalo,"Popkult" (2008) {Salaliitot} ,,,[Herself - Host]
Hinni,Aarninsalo,"Popkult" (2008) {Sankarit} ,,,[Herself - Host]
Hinni,Aarninsalo,"Popkult" (2008) {Sci-fi} ,,,[Herself - Host]
Hinni,Aarninsalo,"Popkult" (2008) {Seksi} ,,,[Herself - Host]
Hinni,Aarninsalo,"Popkult" (2008) {Sota} ,,,[Herself - Host]
Hinni,Aarninsalo,"Popkult" (2008) {Ulkopuolisuus} ,,,[Herself - Host]
Hinni,Aarninsalo,"Popkult" (2008) {Urheilu} ,,,[Herself - Host]
Hinni,Aarninsalo,"Popkult" (2008) {USA} ,,,[Herself - Host]
Hinni,Aarninsalo,"Popkult" (2008) {Vapaus} ,,,[Herself - Host]
Hinni,Aarninsalo,"Popkult" (2008) {Venäjä} ,,,[Herself - Host]
Hinni,Aarninsalo,"Popkult" (2008) {Viha} ,,,[Herself - Host]
Hinni,Aarninsalo,"Popkult" (2008) {Väkivalta} ,,,[Herself - Host]
Pirkko,Aarnio,"Joulukalenteri" (1980)  ,(voice),,[Anelma Unelma]
Pirkko,Aarnio,"Joulukalenteri" (1985)  ,(voice),,[Anelma Unelma]
Saara,Aarnio,"Luonnonmukainen rakastaja" (1992) {Täydellinen toimettomuudentila (#1.1)} ,,,
Marja,Aarnipuro,"Kymppitonni" (1985) {(2003-10-04)} ,,,[Herself]
Marja,Aarnipuro,"Kymppitonni" (1985) {(2003-10-11)} ,,,[Herself]
Tiia,Aarnipuu,"Homo-Suomen historia" (2006)  ,,,[Herself]
Cora,Aarnoutse,My Last Five Girlfriends (2009)  ,,,[Architect Party]
Hilde,Aaroe,Til en ukjent (1990)  ,,,[Ane]
The,Aaron Sisters,Nine O'Clock Folks (1931)  ,,,[Vocal Trio]
Adina,Aaron,Aida (2001) (TV)  ,,,[Aida]
Alexandra,Aaron,Go Tell Ricky Scrotum (2010)  ,,,[Jackie]
Allison (I),Aaron,Adjudication (2012)  ,,,[Margaret - Secretary]
Allison (I),Aaron,Angel of Mars (2011)  ,,,[Angel]
Amanda,Aaron,Muscle Hawk: Electric Light (2012)  ,,,[Orion Woman]
Amy,Aaron,Blood Angel (2012)  ,,,[Schoolchildren]
Ann Marie,Aaron,The Black Connection (1974)  ,(as 'Miss Ann Marie'),,[Bobby's Sister]
Betsy,Aaron,"30 Minutes" (1978) {(#1.1)} ,,,[Herself - Host]
Betsy,Aaron,"CBS Evening News with Walter Cronkite" (1962) {(1977-01-03)} ,,,[Herself - Correspondent]
Billye,Aaron,"ESPN SportsCentury" (1999) {Hank Aaron} ,,,[Herself]
Birdie,Aaron,Happiness (2013/I)  ,,,[Office Worker]
Caroline,Aaron,2000 Blockbuster Entertainment Awards (2000) (TV)  ,,,[Herself]
Caroline,Aaron,21 Jump Street (2012)  ,,,[Annie Schmidt]
Caroline,Aaron,A Day Without a Mexican (2004)  ,,,[Aunt Gigi]
Caroline,Aaron,A Fine Day for Flying (1999)  ,,,[Madelyn]
Caroline,Aaron,A Modern Affair (1995)  ,,,[Elaine]
Caroline,Aaron,Alice (1990)  ,,,[Sue]
Caroline,Aaron,Along Came Polly (2004)  ,,,[Wedding Coordinator]
Caroline,Aaron,Amy's Orgasm (2001)  ,,,[Janet Gaines]
Caroline,Aaron,An American Daughter (2000) (TV)  ,,,[Veronica]
Caroline,Aaron,Anna (1987)  ,,,[Interviewer]
Caroline,Aaron,Anywhere But Here (1999)  ,,,[Gail Letterfine]
Caroline,Aaron,Baby It's You (1983)  ,,,[Waitress]
Caroline,Aaron,Beyond the Sea (2004)  ,,,[Nina Cassotto Maffia]
Caroline,Aaron,Big Night (1996)  ,,,[Woman in Restaurant]
Caroline,Aaron,Bobby's World: The Making of 'Beyond the Sea' (2005) (V)  ,,,[Herself]
Caroline,Aaron,Bounce (2000)  ,,,[Donna]
Caroline,Aaron,Call Waiting (2004)  ,,,[Judy Baxter/Carol Lane]
Caroline,Aaron,Cellular (2004)  ,,,[Marilyn Mooney]
Caroline,Aaron,Come Back to the 5 & Dime, Jimmy Dean, Jimmy Dean (1982)  ,,,[Teenager]
Caroline,Aaron,Crimes and Misdemeanors (1989)  ,,,[Barbara]
Caroline,Aaron,Dad, the Angel & Me (1995) (TV)  ,,,[Abby]
Caroline,Aaron,Dead and Alive: The Race for Gus Farace (1991) (TV)  ,,,[Dolly]
Caroline,Aaron,Deconstructing Harry (1997)  ,,,[Doris]
Caroline,Aaron,Dinner and Driving (1997)  ,,,[Roz]
Caroline,Aaron,Dying to Live (1999) (TV)  ,,,[Detective Chambers]
Caroline,Aaron,Edward Scissorhands (1990)  ,,,[Marge]
Caroline,Aaron,Finding Bliss (2009)  ,,,[Debra Balaban]
Caroline,Aaron,Grilled (2006)  ,,,[Faye Goldbluth]
Caroline,Aaron,Heartburn (1986)  ,,,[Judith]
Caroline,Aaron,House Arrest (1996)  ,,,[Louise Finley]
Caroline,Aaron,Husbands and Wives (1992)  ,,,[Dinner Party Guest]
Caroline,Aaron,Joe Dirt (2001)  ,,,[Joe's Mom]
Caroline,Aaron,Just Like Heaven (2005)  ,,,[Grace]
Caroline,Aaron,Love Comes Lately (2007)  ,,,[Rachel Meyerowitz]
Caroline,Aaron,Love Hurts (2009/I)  ,,,[Wanda]
Caroline,Aaron,Lucky Numbers (2000)  ,,,[Nurse Sharpling]
Caroline,Aaron,Meeting Spencer (2010)  ,,,[Nancy Diamond]
Caroline,Aaron,Mixed Nuts (1994)  ,(voice),,[Hotline Caller]
Caroline,Aaron,My First Time Driving (2007)  ,,,[Helen]
Caroline,Aaron,Nancy Drew (2007)  ,,,[Barbara Barbara]
Caroline,Aaron,Never Again (2001)  ,,,[Elaine]
Caroline,Aaron,Nobody's Baby (2001)  ,,,[Doctor]
Caroline,Aaron,O.C. and Stiggs (1985)  ,,,[Janine]
Caroline,Aaron,Our Family Wedding (2010)  ,,,[Elaine]
Caroline,Aaron,Primary Colors (1998)  ,,,[Lucille Kaufman]
Caroline,Aaron,Pumpkin (2002)  ,,,[Claudia Prinsinger]
Caroline,Aaron,Revenge of the Middle-Aged Woman (2004) (TV)  ,,,[Madeleine]
Caroline,Aaron,Running Mates (2000) (TV)  ,,,[Jody Daniels]
Caroline,Aaron,Sex & Marriage (2013) (V)  ,,,[Beatrice]
Caroline,Aaron,Sleepless in Seattle (1993)  ,,,[Dr. Marcia Fieldstone]
Caroline,Aaron,Spang Ho: Something Fishy (2009) (TV)  ,(voice),,[Miss Burnout]
Caroline,Aaron,Surveillance (2008/I)  ,,,[Janet]
Caroline,Aaron,The Boys Next Door (1996) (TV)  ,,,[Mrs. Warren]
Caroline,Aaron,The Brother from Another Planet (1984)  ,,,[Randy Sue Carter]
Caroline,Aaron,The Peter Principle (2000) (TV),,,
Caroline,Aaron,The Pickle (1993)  ,,,[Nancy Osborne]
Caroline,Aaron,The Secret Life of Zoey (2002) (TV)  ,,,[Mimi]
Caroline,Aaron,There's No Fish Food in Heaven (1998)  ,,,[Venessa]
Caroline,Aaron,This Is My Life (1992)  ,,,[Martha Ingels]
Caroline,Aaron,Tuesdays with Morrie (1999) (TV)  ,,,[Connie]
Caroline,Aaron,Tuna (2013)  ,,,[Virginia]
Caroline,Aaron,Two Days (2003)  ,,,[Mrs. Miller]
Caroline,Aaron,Weapons of Mass Distraction (1997) (TV)  ,,,[Robin Zimmer]
Caroline,Aaron,What Planet Are You From? (2000)  ,,,[Nadine Jones]
Caroline,Aaron,When Billie Beat Bobby (2001) (TV)  ,,,
Caroline,Aaron,White Lies (1997)  ,,,[Virginia Past]
Caroline,Aaron,Without a Trace (1983)  ,,,[Makeup woman]
Caroline,Aaron,Working Girl (1988)  ,,,[Petty Marsh Secretary]
Caroline,Aaron,"2 Broke Girls" (2011) {And the Psychic Shakedown (#2.15)} ,,,[Wiga]
Caroline,Aaron,"7th Heaven" (1996) {Hot Pants (#6.14)} ,,,[Sally Palmer]
Caroline,Aaron,"7th Heaven" (1996) {Parents (#5.16)} ,,,[Sally Palmer]
Caroline,Aaron,"Ally McBeal" (1997) {Love Unlimited (#2.12)} ,,,[Laura Dipson]
Caroline,Aaron,"American Dad!" (2005) {Bar Mitzvah Hustle (#4.14)} ,(voice),,
Caroline,Aaron,"Boston Legal" (2004) {True Love (#5.4)} ,,,[Phyllis Goulet]
Caroline,Aaron,"Brothers & Sisters" (2006) {Sexual Politics (#1.12)} ,,,[Elise]
Caroline,Aaron,"Celebrity Profile" (1998) {Marilu Henner} ,,,[Herself]
Caroline,Aaron,"Childrens Hospital" (2008) {Frankfurters. Allman Brothers. Death. Frankfurters. (#2.7)} ,,,[Glenn's Mom]
Caroline,Aaron,"CSI: Crime Scene Investigation" (2000) {19 Down (#9.9)} ,,,[Mrs. Steiner]
Caroline,Aaron,"CSI: Miami" (2002) {Bad Seed (#8.5)} ,,,[Dr. Miller]
Caroline,Aaron,"Curb Your Enthusiasm" (1999) {Chet's Shirt (#3.1)} ,,,[Barbara]
Caroline,Aaron,"Curb Your Enthusiasm" (1999) {Krazee-Eyez Killa (#3.8)} ,,,[Barbara]
Caroline,Aaron,"Curb Your Enthusiasm" (1999) {The Grand Opening (#3.10)} ,,,[Barbara]
Caroline,Aaron,"Dave's World" (1993) {Stress (#4.9)} ,,,[Judy]
Caroline,Aaron,"Desperate Housewives" (2004) {Boom Crunch (#6.10)} ,,,[Daphne Bicks]
Caroline,Aaron,"Dragnet" (2003) {All That Glitters (#1.3)} ,,,[District Attorney]
Caroline,Aaron,"Early Edition" (1996) {Frostbite (#1.12)} ,,,[Dr. Susan Leonard]
Caroline,Aaron,"Empty Nest" (1988) {Feelings, Whoa Whoa Whoa, Feelings... (#7.16)} ,,,[Shannon]
Caroline,Aaron,"Entourage" (2004) {The Return of the King (#3.17)} ,,,[Sheila Rubenstein]
Caroline,Aaron,"Episodes" (2011) {Episode Eight (#3.8)} ,,,[Linda]
Caroline,Aaron,"Family Law" (1999) {The Choice (#2.1)} ,,,[Sharon]
Caroline,Aaron,"Franklin & Bash" (2011) {Coffee and Cream (#3.1)} ,,,[Judge Rebecca Bayles]
Caroline,Aaron,"Franklin & Bash" (2011) {You Can't Take It with You (#1.5)} ,,,[Judge Rebecca Bayles]
Caroline,Aaron,"Frasier" (1993) {First Date (#5.20)} ,,,[Phyllis Conrad]
Caroline,Aaron,"Gideon's Crossing" (2000) {The Gift (#1.1)} ,,,[Nancy Bales]
Caroline,Aaron,"Girlfriends" (2000) {All God's Children (#6.11)} ,,,[Michele Garrett]
Caroline,Aaron,"Greg the Bunny" (2002) {Piddler on the Roof (#1.9)} ,,,[Casting Director]
Caroline,Aaron,"Grey's Anatomy" (2005) {Let the Truth Sting (#4.3)} ,,,[Connie]
Caroline,Aaron,"Happy Endings" (2011) {Mein Coming Out (#1.4)} ,,,[Pauline Blum]
Caroline,Aaron,"Head Cases" (2005) {Pilot (#1.1)} ,,,[Ida Shultz]
Caroline,Aaron,"Hey Arnold!" (1996) {Benchwarmer/Cool Jerk (#1.11)} ,(voice),,[Landlady]
Caroline,Aaron,"Hey Arnold!" (1996) {Spelling Bee/Pigeon Man (#1.14)} ,(voice),,[Spelling Bee Moderator]
Caroline,Aaron,"If Not for You" (1995) {Taking a Shower with My Two True Loves (#1.2)} ,,,[Nina]
Caroline,Aaron,"If Not for You" (1995) {The Kiss (#1.3)} ,,,[Nina]
Caroline,Aaron,"Inside Schwartz" (2001) {Play-Action Fake Boyfriend (#1.7)} ,,,[Bernice]
Caroline,Aaron,"Judging Amy" (1999) {The Wee Hours (#1.16)} ,,,[Eloise Darline, Amy's Lawyer]
Caroline,Aaron,"Judging Amy" (1999) {Zero to Sixty (#1.13)} ,,,[Eloise Darline, Amy's Lawyer]
Caroline,Aaron,"LateLine" (1998) {Al Anonymous (#1.2)} ,(voice),,[Amy Freundlich]
Caroline,Aaron,"LateLine" (1998) {Lawyer, Lawyer (#1.6)} ,,,[Rhonda Laskey]
Caroline,Aaron,"LateLine" (1998) {Pearce's New Buddy (#1.5)} ,(voice),,[Amy Freundlich]
Caroline,Aaron,"LateLine" (1998) {Pilot (#1.1)} ,(voice),,[Amy Freundlich]
Caroline,Aaron,"Law & Order" (1990) {God Bless the Child (#2.5)} ,,,[Susan]
Caroline,Aaron,"Law & Order" (1990) {Point of View (#3.9)} ,,,[Valerie Walker]
Caroline,Aaron,"Less Than Perfect" (2002) {Future Shock (#1.7)} ,,,[Roz]
Caroline,Aaron,"Lucky" (2003) {Monkey on Your Back (#1.12)} ,,,[Theresa's Sponsor]
Caroline,Aaron,"Mad About You" (1992) {Two Tickets to Paradise (#3.19)} ,,,[Trish Dawson]
Caroline,Aaron,"Malcolm in the Middle" (2000) {Reese Comes Home (#6.1)} ,,,[Nurse Peterson]
Caroline,Aaron,"Miss Match" (2003) {The Love Bandit (#1.8)} ,,,[Judy Schiff]
Caroline,Aaron,"Modern Family" (2009) {Goodnight Gracie (#4.24)} ,,,[Judge Bartley]
Caroline,Aaron,"Monk" (2002) {Mr. Monk and the Magician (#7.15)} ,,,[Sheila Dorfman]
Caroline,Aaron,"NYPD Blue" (1993) {Big Bang Theory (#6.11)} ,,,[Doris Steinman]
Caroline,Aaron,"Oliver Beene" (2003) {Disposa-Boy (#2.6)} ,,,[Charlotte's Mum]
Caroline,Aaron,"One on One" (2001) {Give'm an Inch, They'll Throw a Rave (#2.7)} ,,,[Cheryl Ballard]
Caroline,Aaron,"One on One" (2001) {Keeping It (#3.8)} ,,,[Cheryl Ballard]
Caroline,Aaron,"One on One" (2001) {No More Wire Hangers (#3.20)} ,,,[Cheryl Ballard]
Caroline,Aaron,"Payne" (1999) {I Never Forget a Face-Lift (#1.7)} ,,,[Diane Taggert]
Caroline,Aaron,"Players" (2010) {Krista's Mom (#1.1)} ,,,[Olivia DiMarco]
Caroline,Aaron,"Private Practice" (2007) {War (#3.21)} ,,,[Stephanie]
Caroline,Aaron,"Rizzoli & Isles" (2010) {Class Action Satisfaction (#3.11)} ,,,[Dana]
Caroline,Aaron,"Sex and the City" (1998) {The Monogamists (#1.7)} ,,,[Pamela Glock]
Caroline,Aaron,"Sex Ed" (2009)  ,,,[Stormy's Mom]
Caroline,Aaron,"Shark" (2006) {Fashion Police (#1.6)} ,,,[Judge Sylvia Howard]
Caroline,Aaron,"Six Feet Under" (2001) {The Foot (#1.3)} ,,,[Amelia]
Caroline,Aaron,"The Days and Nights of Molly Dodd" (1987) {Here's a Leisurely Stroll Through the Park (#3.13)} ,,,[Waitress]
Caroline,Aaron,"The Mind of the Married Man" (2001) {The Secret of the Universe (#1.2)} ,,,[Mother In Law]
Caroline,Aaron,"The Practice" (1997) {Of Human Bondage (#3.14)} ,,,[Delores Keplar]
Caroline,Aaron,"The Young and the Restless" (1973) {(#1.9308)} ,,,[JoJo]
Caroline,Aaron,"The Young and the Restless" (1973) {(#1.9309)} ,,,[JoJo]
Caroline,Aaron,"The Young and the Restless" (1973) {(#1.9312)} ,,,[JoJo]
Caroline,Aaron,"The Young and the Restless" (1973) {(#1.9314)} ,,,[JoJo]
Caroline,Aaron,"The Young and the Restless" (1973) {(#1.9315)} ,,,[JoJo]
Caroline,Aaron,"Tracey Takes On..." (1996) {Hype (#4.10)},,,
Caroline,Aaron,"Ugly Betty" (2006) {Odor in the Court (#2.12)} ,,,[Judge Biotch]
Caroline,Aaron,"Up All Night" (2011) {First Snow (#2.10)} ,,,[Marla]
Caroline,Aaron,"Wings" (1990) {Ex, Lies and Videotape (#6.19)} ,,,[Mary Pat Lee]
Caroline,Aaron,"Wings" (1990) {Let's Talk About Sex (#8.12)} ,,,[Mary Pat Lee]
Catrin,Aaron,"Casualty" (1986) {No Place Like... (#21.12)} ,,,[Kath Barber]
Catrin,Aaron,"The Indian Doctor" (2010) {Into the Light (#3.5)} ,,,[Mrs. Germin]
Catrin,Aaron,"The Indian Doctor" (2010) {The Gold Rush (#3.2)} ,,,[Mrs. Germin]
Catrin,Aaron,"The Indian Doctor" (2010) {The Prodigals' Return (#3.1)} ,,,[Mrs. Germin]
Catrin,Aaron,"The Indian Doctor" (2010) {Trapped (#3.4)} ,,,[Mrs. Germin]
Debbie,Aaron,Ultimate Love Games (1998) (V)  ,,,[Dolly]
Dianna,Aaron,"The Lyons Den" (2012) {Got an Icebox Where My Heart Is a Stereo (#2.4)} ,,,[Luke's Woman #1]
Elena,Aaron,By the Sea (2002)  ,,,[Lena Oscar]
Elena,Aaron,Life on the Line (2003) (TV)  ,,,[Sheila]
Elena,Aaron,Sex, Death and Bowling (2015)  ,,,[Nan Allarid]
Elena,Aaron,"Close to Home" (2005) {Road Rage (#2.12)} ,,,[Ava Church]
Elena,Aaron,"Ed" (2000) {The Case (#3.14)} ,,,[Anna Gaydosh Martin]
Elena,Aaron,"The Sopranos" (1999) {The Weight (#4.4)} ,,,[Bada Bing Bartender]
Elizabeth,Aaron,Charles, Your Hangover (2011) (V)  ,,,[Denise]
Elizabeth,Aaron,Game Night (2011/II) (V)  ,,,[Allie]
Elizabeth,Aaron,Go Fish (2011/I) (V),,,
Elizabeth,Aaron,Kindred Spirits (2012)  ,,,[Leah]
Elizabeth,Aaron,Our Office (2010)  ,,,[Monica]
Elizabeth,Aaron,Quick Date (2012)  ,,,[Marge]
Ellie,Aaron,Rehearsals (2012/I)  ,,,[Herself]
Ellie,Aaron,Shredder (2011)  ,,,[Sarah]